Postcode,No. People,% Population,Population
0800,269,3.45%,7798
0810,2113,5.54%,38119
0812,1479,7.10%,20829
0820,1168,5.21%,22405
0822,381,1.30%,29270
0828,81,4.36%,1859
0829,,,2217
0830,1007,4.95%,20342
0832,657,3.12%,21087
0834,21,1.23%,1713
0835,121,3.83%,3158
0836,206,2.53%,8143
0837,33,2.73%,1209
0838,26,6.67%,390
0839,87,15.73%,553
0841,31,4.38%,708
0845,,,424
0846,15,6.25%,240
0847,25,7.27%,344
0850,847,9.96%,8503
0852,635,6.86%,9263
0853,,,1033
0854,61,9.08%,672
0860,312,10.09%,3092
0862,15,2.35%,638
0870,2677,11.79%,22708
0872,379,2.64%,14341
0873,55,1.83%,3004
0874,,,150
0875,145,5.41%,2679
0880,154,2.90%,5314
0885,37,4.87%,760
0886,64,8.27%,774
2000,692,2.27%,30479
2007,128,1.63%,7862
2008,129,1.17%,11044
2009,344,2.53%,13596
2010,729,2.58%,28271
2011,444,2.40%,18529
2015,229,1.90%,12044
2016,560,4.07%,13752
2017,777,2.49%,31239
2018,1041,4.86%,21414
2019,547,3.82%,14306
2020,657,2.84%,23125
2021,318,2.03%,15695
2022,391,2.91%,13439
2023,271,2.40%,11304
2024,279,2.27%,12312
2025,175,2.20%,7955
2026,787,2.28%,34569
2027,248,2.96%,8370
2028,140,2.88%,4866
2029,298,2.85%,10466
2030,393,2.52%,15589
2031,917,2.57%,35747
2032,622,4.02%,15486
2033,381,3.04%,12515
2034,532,2.52%,21120
2035,1514,4.04%,37459
2036,1590,4.37%,36359
2037,528,3.02%,17481
2038,229,2.24%,10225
2039,231,2.57%,8980
2040,787,3.15%,25002
2041,423,2.62%,16167
2042,494,2.47%,19963
2043,230,2.17%,10583
2044,329,3.74%,8787
2045,408,6.12%,6662
2046,1297,4.54%,28551
2047,416,3.22%,12910
2048,239,3.03%,7896
2049,478,3.70%,12903
2050,185,1.79%,10353
2060,419,2.73%,15338
2061,226,3.34%,6761
2062,190,2.46%,7726
2063,176,2.61%,6743
2064,378,3.77%,10034
2065,926,2.74%,33826
2066,1053,2.93%,35899
2067,1146,3.93%,29182
2068,614,3.35%,18315
2069,516,3.43%,15056
2070,479,3.12%,15377
2071,501,3.35%,14950
2072,258,2.74%,9423
2073,603,3.29%,18336
2074,823,3.33%,24701
2075,814,3.48%,23417
2076,954,3.64%,26190
2077,1844,4.07%,45263
2079,355,4.28%,8296
2080,61,3.38%,1807
2081,220,3.79%,5810
2082,213,3.98%,5353
2083,76,4.85%,1568
2084,150,3.70%,4056
2085,492,4.20%,11719
2086,536,3.45%,15523
2087,516,3.78%,13634
2088,671,2.23%,30060
2089,279,2.29%,12167
2090,346,2.41%,14331
2092,187,2.37%,7882
2093,590,2.35%,25059
2094,128,1.99%,6425
2095,364,2.04%,17858
2096,327,2.12%,15441
2097,495,2.89%,17107
2099,1543,3.49%,44155
2100,854,3.49%,24476
2101,599,2.80%,21377
2102,242,2.68%,9034
2103,369,3.18%,11590
2104,166,3.08%,5390
2105,28,2.80%,1001
2106,229,2.20%,10410
2107,375,2.27%,16541
2108,30,1.77%,1694
2110,365,3.54%,10297
2111,604,3.76%,16076
2112,1831,4.45%,41154
2113,1113,3.73%,29864
2114,1236,4.62%,26763
2115,732,5.31%,13797
2116,454,5.97%,7600
2117,1319,5.32%,24775
2118,1612,5.40%,29875
2119,447,3.44%,13000
2120,977,4.37%,22338
2121,1464,4.05%,36173
2122,1797,5.49%,32731
2125,906,5.26%,17219
2126,1088,5.47%,19902
2127,645,2.56%,25195
2128,125,3.21%,3890
2130,282,3.68%,7654
2131,1167,4.83%,24152
2132,653,5.69%,11469
2133,751,6.35%,11832
2134,787,4.08%,19273
2135,1191,4.44%,26799
2136,501,5.90%,8492
2137,1348,4.55%,29627
2138,695,3.27%,21245
2140,837,3.56%,23484
2141,2150,6.21%,34595
2142,2081,6.80%,30596
2143,729,6.80%,10724
2144,3003,7.10%,42282
2145,6226,6.54%,95207
2146,1402,6.84%,20484
2147,3019,7.47%,40412
2148,5581,7.71%,72426
2150,1655,4.46%,37149
2151,1260,5.63%,22392
2152,672,5.32%,12636
2153,3356,5.05%,66492
2154,2054,4.65%,44179
2155,3328,4.03%,82567
2156,617,4.40%,14034
2157,189,4.37%,4328
2158,455,4.85%,9391
2159,215,4.17%,5151
2160,2966,6.91%,42953
2161,2758,7.35%,37531
2162,1567,6.94%,22585
2163,991,8.37%,11834
2164,2047,8.87%,23089
2165,4489,9.20%,48813
2166,4376,7.56%,57919
2167,792,7.09%,11174
2168,3976,8.31%,47855
2170,8942,7.23%,123608
2171,2375,5.53%,42972
2172,152,5.00%,3037
2173,770,5.02%,15336
2174,431,3.26%,13214
2175,148,7.67%,1930
2176,4618,8.65%,53390
2177,1499,8.03%,18671
2178,303,6.92%,4377
2179,900,5.12%,17587
2190,2391,7.75%,30841
2191,513,7.19%,7136
2192,1096,7.54%,14538
2193,998,5.30%,18846
2194,1732,6.27%,27642
2195,2492,8.36%,29807
2196,2665,7.47%,35686
2197,762,6.74%,11302
2198,672,6.54%,10281
2199,1448,6.84%,21167
2200,3462,6.67%,51906
2203,666,4.66%,14289
2204,1503,5.31%,28325
2205,989,3.57%,27712
2206,1360,6.49%,20949
2207,1938,6.24%,31063
2208,863,6.41%,13457
2209,1021,6.13%,16667
2210,2139,6.10%,35070
2211,1113,5.78%,19250
2212,1190,6.24%,19077
2213,1275,5.09%,25038
2214,235,5.48%,4290
2216,1719,5.91%,29110
2217,1478,4.94%,29909
2218,944,5.57%,16954
2219,775,5.26%,14742
2220,1833,5.04%,36376
2221,816,4.51%,18099
2222,707,5.06%,13985
2223,891,3.89%,22902
2224,749,4.86%,15409
2225,176,2.83%,6220
2226,470,3.49%,13473
2227,609,3.60%,16915
2228,923,4.17%,22115
2229,1143,3.40%,33638
2230,880,2.72%,32350
2231,108,4.07%,2655
2232,1426,3.84%,37160
2233,1223,3.81%,32065
2234,1448,4.56%,31783
2250,3663,4.84%,75702
2251,1562,4.38%,35639
2256,1058,6.16%,17185
2257,1687,5.26%,32091
2258,222,4.23%,5246
2259,4335,6.09%,71186
2260,806,2.93%,27464
2261,2971,5.06%,58756
2262,1575,6.78%,23247
2263,1834,6.73%,27231
2264,1092,6.38%,17114
2265,406,5.19%,7816
2267,179,5.79%,3090
2278,163,6.67%,2443
2280,1486,5.24%,28381
2281,908,5.82%,15603
2282,818,4.79%,17084
2283,1694,6.55%,25850
2284,844,6.24%,13536
2285,2081,5.78%,36001
2286,320,6.71%,4770
2287,2507,5.69%,44035
2289,938,4.20%,22356
2290,1952,5.33%,36636
2291,453,2.91%,15558
2292,106,4.29%,2468
2293,109,3.11%,3506
2294,94,4.18%,2250
2295,515,5.94%,8669
2296,68,3.27%,2080
2297,81,4.06%,1997
2298,515,5.05%,10190
2299,679,5.11%,13291
2300,373,2.99%,12467
2302,66,4.17%,1581
2303,502,4.79%,10482
2304,1008,6.04%,16689
2305,623,4.55%,13692
2306,347,10.44%,3324
2307,292,5.91%,4942
2308,,,1565
2311,52,5.62%,926
2312,90,4.93%,1825
2315,938,5.68%,16522
2316,434,6.27%,6922
2317,483,7.40%,6526
2318,865,5.93%,14578
2319,646,9.02%,7159
2320,2399,5.72%,41976
2321,1118,5.36%,20842
2322,1561,6.19%,25211
2323,1848,6.72%,27519
2324,1911,7.19%,26588
2325,2211,6.70%,33018
2326,609,7.43%,8192
2327,711,8.65%,8217
2328,148,7.66%,1933
2329,165,7.08%,2332
2330,1172,5.11%,22952
2333,1011,7.08%,14283
2334,230,5.81%,3958
2335,428,4.92%,8697
2336,183,6.14%,2979
2337,460,5.62%,8183
2338,98,7.52%,1304
2339,47,6.76%,695
2340,2934,5.31%,55304
2341,194,11.76%,1650
2342,17,5.06%,336
2343,333,6.63%,5022
2344,34,5.11%,665
2345,35,4.40%,796
2346,221,8.38%,2637
2347,143,9.38%,1524
2350,1305,4.62%,28223
2352,144,5.48%,2627
2353,103,5.75%,1790
2354,196,6.02%,3255
2355,39,4.90%,796
2356,26,8.50%,306
2357,246,5.99%,4104
2358,242,6.81%,3555
2359,39,9.80%,398
2360,1020,6.24%,16353
2361,89,9.50%,937
2365,259,6.27%,4131
2369,53,15.82%,335
2370,492,5.79%,8492
2371,64,9.94%,644
2372,387,7.18%,5392
2380,699,6.13%,11398
2381,81,5.71%,1419
2382,106,5.25%,2019
2386,13,5.12%,254
2388,181,6.22%,2910
2390,576,7.50%,7675
2395,60,5.54%,1084
2396,69,9.38%,736
2397,24,6.72%,357
2398,19,2.97%,640
2399,30,4.87%,616
2400,682,7.09%,9613
2401,15,4.85%,309
2402,156,7.58%,2059
2403,47,7.91%,594
2404,164,9.50%,1726
2405,20,3.81%,525
2406,51,8.93%,571
2408,14,3.74%,374
2409,52,4.99%,1042
2410,15,4.05%,370
2415,21,6.46%,325
2420,272,6.83%,3985
2421,109,5.01%,2177
2422,324,5.57%,5812
2423,226,5.87%,3852
2424,26,4.87%,534
2425,95,5.08%,1870
2426,69,6.63%,1041
2427,384,10.71%,3584
2428,1762,6.69%,26320
2429,609,6.40%,9519
2430,2565,6.80%,37717
2431,422,7.15%,5902
2439,243,5.98%,4064
2440,1554,6.58%,23628
2441,237,5.51%,4298
2443,719,8.21%,8762
2444,2703,5.03%,53776
2445,381,4.96%,7676
2446,783,4.96%,15771
2447,416,5.42%,7682
2448,717,6.98%,10272
2449,136,5.99%,2272
2450,2310,4.65%,49678
2452,873,5.40%,16167
2453,116,4.32%,2683
2454,246,3.13%,7850
2455,201,6.22%,3234
2456,746,4.17%,17882
2460,2032,6.38%,31871
2462,151,7.27%,2078
2463,592,6.38%,9284
2464,479,6.50%,7367
2465,22,6.34%,347
2466,155,8.24%,1881
2469,231,6.27%,3684
2470,1182,7.29%,16221
2471,155,5.79%,2678
2472,118,5.04%,2340
2473,194,6.07%,3195
2474,338,5.10%,6621
2475,25,5.64%,443
2476,46,5.19%,887
2477,634,4.77%,13281
2478,1483,4.35%,34096
2479,108,1.91%,5645
2480,2190,4.64%,47220
2481,310,2.06%,15049
2482,200,2.82%,7091
2483,277,2.27%,12225
2484,915,4.31%,21218
2485,780,4.85%,16076
2486,1900,5.54%,34269
2487,541,3.43%,15778
2488,120,3.53%,3403
2489,314,3.75%,8377
2490,18,4.26%,423
2500,2120,4.53%,46820
2502,1188,8.81%,13483
2505,382,7.56%,5052
2506,590,7.51%,7856
2508,316,3.18%,9929
2515,399,3.20%,12468
2516,271,3.75%,7223
2517,679,4.67%,14548
2518,1239,5.85%,21165
2519,1016,5.41%,18786
2525,698,5.49%,12718
2526,1079,6.29%,17149
2527,1517,5.58%,27189
2528,1933,7.67%,25201
2529,1634,5.19%,31501
2530,2520,6.91%,36469
2533,707,3.99%,17740
2534,234,3.90%,6000
2535,473,5.67%,8346
2536,1277,6.28%,20344
2537,711,5.43%,13083
2538,112,4.55%,2462
2539,1334,6.23%,21416
2540,3767,7.56%,49858
2541,2229,7.42%,30021
2545,57,5.37%,1061
2546,594,5.69%,10448
2548,474,5.42%,8752
2549,207,5.42%,3820
2550,861,4.97%,17316
2551,291,6.94%,4195
2555,22,19.47%,113
2556,156,5.78%,2698
2557,782,3.85%,20308
2558,918,7.77%,11819
2559,271,8.66%,3129
2560,6481,7.43%,87216
2563,15,8.72%,172
2564,1391,9.08%,15327
2565,1983,5.79%,34227
2566,2457,8.35%,29440
2567,2095,4.82%,43504
2568,71,5.12%,1387
2569,40,3.70%,1080
2570,2542,3.71%,68497
2571,535,3.85%,13895
2572,332,5.24%,6335
2573,349,5.80%,6020
2574,379,6.03%,6284
2575,793,4.11%,19317
2576,600,3.97%,15104
2577,789,4.56%,17300
2578,128,4.27%,2995
2579,265,5.13%,5164
2580,1885,5.78%,32596
2581,133,4.61%,2883
2582,652,4.46%,14633
2583,286,6.11%,4680
2584,33,6.41%,515
2585,,,314
2586,197,6.08%,3241
2587,178,6.40%,2783
2588,13,4.80%,271
2590,557,7.73%,7203
2594,671,5.34%,12565
2600,257,2.98%,8631
2601,113,1.34%,8463
2602,1145,3.13%,36551
2603,337,3.17%,10646
2604,393,2.86%,13728
2605,442,3.31%,13335
2606,485,3.75%,12919
2607,736,4.71%,15617
2609,74,7.39%,1002
2611,1445,3.76%,38475
2612,401,1.98%,20286
2614,933,4.40%,21217
2615,2609,5.24%,49758
2617,1517,3.80%,39960
2618,32,2.26%,1415
2619,344,3.25%,10571
2620,2244,4.72%,47574
2621,227,3.41%,6650
2622,169,3.92%,4306
2623,26,5.16%,504
2624,,,63
2625,,,407
2626,25,6.65%,376
2627,93,1.90%,4893
2628,97,3.34%,2906
2629,41,6.53%,628
2630,497,5.49%,9058
2631,50,6.79%,736
2632,73,5.33%,1369
2633,24,7.89%,304
2640,2129,5.04%,42264
2641,1289,7.37%,17484
2642,222,4.04%,5494
2643,237,7.99%,2965
2644,183,7.42%,2466
2645,50,9.16%,546
2646,524,7.87%,6660
2647,178,6.18%,2882
2648,180,7.91%,2276
2650,3202,5.08%,63035
2651,115,3.53%,3261
2652,221,4.67%,4728
2653,139,5.40%,2572
2655,74,5.30%,1395
2656,75,6.38%,1176
2658,114,6.83%,1668
2659,53,5.70%,930
2660,110,6.56%,1677
2661,,,526
2663,343,6.33%,5420
2665,123,5.78%,2127
2666,343,6.43%,5335
2668,35,9.19%,381
2669,102,6.16%,1655
2671,255,6.68%,3819
2672,95,6.80%,1398
2675,82,4.62%,1775
2678,,,488
2680,1365,5.18%,26345
2681,101,5.77%,1749
2700,354,6.91%,5125
2701,170,5.74%,2964
2702,75,8.80%,852
2703,47,7.34%,640
2705,568,5.24%,10846
2706,75,8.50%,882
2707,51,4.60%,1108
2710,699,7.18%,9729
2711,291,8.14%,3574
2712,100,9.38%,1066
2713,187,6.96%,2685
2714,251,8.02%,3131
2715,88,5.37%,1638
2716,85,8.09%,1051
2717,123,10.35%,1188
2720,598,6.94%,8618
2722,243,6.85%,3547
2725,31,9.90%,313
2727,,,195
2729,92,5.04%,1826
2730,125,9.72%,1286
2731,448,5.82%,7699
2732,127,5.72%,2222
2733,36,7.16%,503
2734,,,529
2735,,,263
2736,11,4.85%,227
2737,41,4.75%,864
2738,22,1.21%,1815
2739,95,5.75%,1652
2745,1735,5.08%,34122
2747,3457,5.92%,58396
2748,127,7.38%,1720
2749,1018,5.81%,17515
2750,3208,6.11%,52532
2752,345,5.49%,6280
2753,1048,5.68%,18457
2754,448,6.02%,7446
2756,1917,5.21%,36807
2757,53,5.77%,918
2758,376,4.04%,9313
2759,2190,7.76%,28215
2760,3010,7.20%,41778
2761,3048,8.17%,37314
2762,781,3.25%,24047
2763,2408,6.76%,35611
2765,1912,4.01%,47701
2766,1524,8.26%,18459
2767,2235,9.00%,24831
2768,1935,6.17%,31351
2769,752,4.16%,18075
2770,6312,9.72%,64939
2773,275,4.61%,5969
2774,710,5.13%,13849
2775,82,5.04%,1626
2776,187,4.28%,4374
2777,927,4.92%,18823
2778,124,5.29%,2342
2779,210,4.46%,4705
2780,661,4.77%,13852
2782,299,4.41%,6781
2783,174,4.81%,3617
2784,71,5.22%,1361
2785,247,4.91%,5032
2786,48,4.55%,1054
2787,353,7.74%,4558
2790,1134,7.05%,16089
2791,29,4.65%,624
2793,100,6.64%,1506
2794,700,7.04%,9943
2795,2598,5.50%,47255
2797,49,6.48%,756
2798,79,3.41%,2314
2799,266,6.35%,4191
2800,2448,4.86%,50415
2803,16,4.82%,332
2804,185,6.57%,2816
2805,17,7.62%,223
2806,62,6.13%,1011
2807,52,9.42%,552
2809,17,5.52%,308
2810,235,7.42%,3169
2817,12,3.29%,365
2818,59,5.56%,1062
2820,588,7.93%,7416
2821,330,6.70%,4926
2822,24,2.96%,810
2823,107,8.14%,1314
2824,145,9.01%,1610
2825,161,6.69%,2408
2826,,,184
2827,306,8.31%,3683
2828,42,6.92%,607
2829,284,9.69%,2931
2830,2826,5.99%,47180
2831,108,5.44%,1987
2832,145,7.38%,1966
2833,50,6.10%,820
2834,145,7.46%,1944
2835,197,5.26%,3743
2836,82,11.20%,732
2838,26,15.20%,171
2839,128,14.19%,902
2840,192,8.78%,2188
2842,26,5.00%,520
2843,97,8.38%,1158
2844,86,6.68%,1287
2845,125,6.55%,1908
2847,210,8.73%,2406
2848,120,8.94%,1343
2849,98,5.90%,1660
2850,907,4.57%,19853
2852,249,5.36%,4645
2864,46,7.17%,642
2865,56,6.05%,925
2866,185,5.56%,3325
2867,26,4.04%,643
2868,44,16.24%,271
2869,125,8.39%,1490
2870,731,6.10%,11992
2871,557,6.05%,9211
2873,43,8.87%,485
2874,41,8.99%,456
2875,47,8.16%,576
2876,29,4.14%,701
2877,635,17.56%,3616
2878,,,135
2879,65,9.08%,716
2880,1800,9.88%,18217
2898,,,494
2899,37,1.56%,2379
2900,206,4.72%,4363
2902,863,5.31%,16261
2903,595,5.90%,10079
2904,749,5.53%,13541
2905,1693,5.67%,29868
2906,1087,5.64%,19264
2911,175,3.43%,5096
2912,304,3.40%,8949
2913,1824,4.52%,40319
2914,1206,3.33%,36261
3000,567,1.19%,47601
3002,116,2.35%,4938
3003,128,1.45%,8804
3004,424,3.31%,12797
3006,420,1.69%,24821
3008,326,1.88%,17303
3011,1005,4.11%,24451
3012,1494,5.05%,29583
3013,617,3.61%,17081
3015,732,3.54%,20652
3016,690,3.96%,17404
3018,836,5.72%,14620
3019,770,7.28%,10570
3020,3796,7.84%,48411
3021,5591,9.30%,60117
3022,237,6.70%,3538
3023,4867,6.60%,73702
3024,2208,6.00%,36793
3025,928,6.52%,14233
3026,446,4.51%,9892
3027,372,3.53%,10540
3028,2239,7.40%,30250
3029,7776,5.46%,142371
3030,6962,5.34%,130324
3031,879,4.64%,18926
3032,1240,3.81%,32552
3033,1002,6.24%,16047
3034,955,7.21%,13242
3036,383,6.15%,6230
3037,3773,6.69%,56427
3038,2466,8.84%,27885
3039,682,3.77%,18069
3040,1081,3.72%,29077
3041,582,4.11%,14150
3042,1120,6.01%,18630
3043,1534,8.07%,19013
3044,1497,4.76%,31462
3045,,,117
3046,2379,5.94%,40064
3047,1994,8.30%,24020
3048,2001,10.01%,19995
3049,706,6.69%,10546
3051,542,3.40%,15941
3052,165,2.11%,7813
3053,441,2.58%,17115
3054,201,2.28%,8814
3055,644,4.14%,15572
3056,1047,3.78%,27734
3057,400,2.89%,13819
3058,2052,5.40%,38015
3059,1211,5.22%,23213
3060,1192,7.83%,15222
3061,610,11.11%,5493
3062,14,,0
3063,16,7.02%,228
3064,7220,5.73%,126113
3065,428,3.79%,11300
3066,349,3.56%,9799
3067,247,2.51%,9828
3068,637,3.01%,21132
3070,955,3.47%,27535
3071,782,3.80%,20573
3072,1899,5.14%,36967
3073,3579,6.39%,56005
3074,2097,9.90%,21191
3075,2143,8.91%,24051
3076,2603,6.97%,37362
3078,436,3.27%,13323
3079,683,3.70%,18457
3081,913,5.96%,15312
3082,2368,7.77%,30470
3083,2091,6.13%,34130
3084,1145,3.85%,29749
3085,653,4.48%,14589
3087,520,5.20%,10006
3088,1280,4.40%,29062
3089,484,3.59%,13485
3090,95,3.40%,2791
3091,67,4.43%,1513
3093,186,4.16%,4467
3094,372,3.71%,10018
3095,976,3.24%,30083
3096,80,3.94%,2032
3097,34,2.13%,1594
3099,155,3.06%,5072
3101,902,3.39%,26598
3102,270,3.97%,6807
3103,711,4.05%,17560
3104,991,4.30%,23022
3105,718,5.94%,12097
3106,1057,5.79%,18241
3107,796,5.45%,14604
3108,1509,5.43%,27777
3109,1818,5.40%,33686
3111,662,4.94%,13406
3113,266,3.05%,8708
3114,134,3.38%,3967
3115,151,3.95%,3827
3116,646,5.03%,12848
3121,1116,3.27%,34086
3122,592,2.46%,24056
3123,457,2.67%,17100
3124,839,3.64%,23039
3125,668,4.12%,16215
3126,288,3.52%,8177
3127,673,3.38%,19911
3128,1013,4.10%,24685
3129,877,4.40%,19913
3130,1677,4.63%,36208
3131,1348,5.27%,25562
3132,907,4.88%,18585
3133,1346,5.43%,24771
3134,1715,4.65%,36899
3135,1051,4.64%,22668
3136,2440,4.79%,50981
3137,878,5.54%,15862
3138,1327,5.19%,25588
3139,687,4.75%,14463
3140,991,5.20%,19060
3141,655,2.46%,26665
3142,402,2.89%,13919
3143,318,2.93%,10836
3144,305,2.71%,11252
3145,784,3.12%,25144
3146,860,3.00%,28653
3147,697,4.27%,16324
3148,510,5.07%,10062
3149,1899,4.90%,38759
3150,4373,6.44%,67859
3151,678,6.06%,11179
3152,2483,6.72%,36923
3153,1438,6.04%,23795
3154,219,4.45%,4921
3155,1522,5.91%,25769
3156,2328,5.47%,42524
3158,286,4.19%,6831
3159,93,3.68%,2530
3160,384,4.05%,9487
3161,650,3.61%,17996
3162,862,4.46%,19320
3163,1426,4.05%,35184
3165,1566,4.61%,33950
3166,1401,5.10%,27467
3167,740,7.09%,10435
3168,854,3.62%,23598
3169,1682,7.41%,22694
3170,1468,6.87%,21377
3171,1755,7.12%,24651
3172,1637,6.51%,25139
3173,2109,6.36%,33160
3174,3243,7.27%,44604
3175,4791,8.25%,58070
3177,1169,8.81%,13262
3178,2232,6.24%,35781
3179,400,6.05%,6614
3180,513,5.96%,8612
3181,671,3.21%,20901
3182,648,2.69%,24112
3183,652,3.28%,19893
3184,349,2.18%,15980
3185,507,3.51%,14451
3186,708,2.91%,24291
3187,620,3.38%,18319
3188,685,3.38%,20293
3189,362,5.41%,6688
3190,521,3.73%,13964
3191,358,3.04%,11757
3192,1251,4.88%,25613
3193,743,3.33%,22316
3194,627,4.43%,14168
3195,1686,4.07%,41383
3196,1325,4.45%,29789
3197,647,5.08%,12736
3198,1113,5.90%,18862
3199,3386,5.59%,60545
3200,455,7.42%,6133
3201,1655,6.87%,24106
3202,153,4.97%,3076
3204,1409,3.93%,35848
3205,433,3.51%,12331
3206,365,3.43%,10644
3207,634,3.32%,19088
3211,82,5.69%,1440
3212,1136,5.39%,21086
3213,272,5.43%,5010
3214,2293,9.02%,25427
3215,1520,6.27%,24233
3216,3054,4.68%,65263
3217,658,2.97%,22190
3218,714,4.59%,15557
3219,1507,6.92%,21787
3220,716,3.92%,18275
3221,26,4.21%,617
3222,1117,5.51%,20266
3223,761,7.70%,9888
3224,940,5.46%,17209
3225,247,4.31%,5735
3226,651,3.30%,19721
3227,193,2.78%,6954
3228,679,2.50%,27161
3230,112,3.05%,3672
3231,27,1.74%,1549
3232,38,2.75%,1383
3233,71,2.82%,2518
3234,,,285
3235,27,2.78%,972
3236,,,236
3237,19,3.35%,567
3238,,,154
3239,21,4.96%,423
3240,98,4.04%,2428
3241,218,7.04%,3096
3242,23,3.21%,717
3243,15,2.06%,729
3249,175,7.13%,2454
3250,876,6.47%,13545
3251,61,8.92%,684
3254,22,4.78%,460
3260,362,7.65%,4734
3264,177,7.01%,2526
3265,129,4.11%,3139
3266,217,7.80%,2781
3267,13,6.02%,216
3268,118,5.08%,2321
3269,30,2.94%,1019
3270,,,208
3272,88,4.76%,1848
3273,,,99
3274,26,6.22%,418
3275,27,3.72%,726
3276,29,8.01%,362
3277,87,4.58%,1900
3278,22,3.75%,587
3280,1939,5.43%,35726
3281,62,3.05%,2032
3282,131,4.67%,2804
3283,36,3.82%,942
3284,174,4.16%,4187
3285,50,4.48%,1115
3286,38,6.44%,590
3287,17,3.67%,463
3289,67,5.19%,1290
3292,23,8.36%,275
3293,19,7.54%,252
3294,43,3.95%,1088
3300,764,6.99%,10936
3301,30,3.54%,847
3302,22,7.53%,292
3303,20,4.63%,432
3304,229,8.23%,2781
3305,1147,8.29%,13840
3310,14,5.17%,271
3311,147,9.76%,1506
3312,47,6.00%,783
3314,32,4.43%,723
3315,125,8.05%,1552
3318,111,7.93%,1399
3319,19,5.38%,353
3321,83,3.71%,2237
3323,19,7.95%,239
3324,30,9.29%,323
3325,49,9.82%,499
3328,112,4.37%,2564
3329,11,3.10%,355
3330,37,7.84%,472
3331,401,4.90%,8186
3332,61,4.61%,1324
3333,47,5.40%,871
3334,30,5.45%,550
3335,520,7.33%,7098
3336,684,3.62%,18911
3337,3078,7.03%,43762
3338,2359,5.77%,40880
3340,1598,5.75%,27815
3341,69,3.79%,1819
3342,235,6.28%,3745
3345,57,4.52%,1261
3350,3553,4.96%,71656
3351,509,5.18%,9833
3352,926,4.38%,21150
3355,1079,7.90%,13657
3356,1306,7.71%,16941
3357,199,4.90%,4065
3358,151,4.04%,3740
3360,50,6.96%,718
3361,43,6.16%,698
3363,241,5.69%,4234
3364,70,3.93%,1780
3370,173,7.57%,2285
3371,107,7.59%,1410
3373,224,6.91%,3243
3374,29,4.08%,710
3375,20,8.55%,234
3377,630,6.39%,9864
3378,16,4.49%,356
3379,61,6.35%,961
3380,558,9.17%,6085
3381,45,4.62%,973
3384,45,6.70%,672
3385,27,7.03%,384
3387,16,6.23%,257
3388,36,6.96%,517
3390,79,8.42%,938
3391,21,8.90%,236
3392,64,9.76%,656
3393,235,9.30%,2527
3395,22,14.97%,147
3396,86,9.73%,884
3400,1146,6.85%,16726
3401,194,4.37%,4439
3407,22,9.82%,224
3409,48,5.52%,870
3412,37,6.45%,574
3413,,,193
3414,180,12.48%,1442
3418,241,8.46%,2850
3419,95,11.22%,847
3420,17,8.46%,201
3423,50,10.46%,478
3424,70,11.65%,601
3427,274,4.35%,6304
3428,38,5.78%,658
3429,2328,5.45%,42736
3430,34,6.72%,506
3431,196,4.03%,4858
3433,14,4.40%,318
3434,327,5.11%,6404
3435,185,4.34%,4261
3437,461,3.56%,12967
3438,80,2.95%,2715
3440,81,3.68%,2204
3441,65,4.16%,1561
3442,284,2.94%,9672
3444,495,4.70%,10532
3446,42,4.16%,1009
3447,24,3.98%,603
3448,51,4.04%,1262
3450,385,4.72%,8165
3451,231,3.72%,6215
3453,104,5.19%,2004
3458,133,4.89%,2721
3460,166,5.60%,2966
3461,210,4.17%,5037
3462,56,5.18%,1082
3463,156,5.89%,2648
3464,57,6.12%,931
3465,951,8.57%,11093
3467,118,7.79%,1515
3468,18,9.94%,181
3469,23,5.85%,393
3472,158,7.72%,2046
3477,100,7.53%,1328
3478,187,8.16%,2291
3480,149,9.16%,1626
3482,21,4.99%,421
3483,47,6.90%,681
3485,34,8.00%,425
3490,131,7.67%,1709
3491,15,3.95%,380
3494,19,2.61%,729
3496,416,6.13%,6782
3498,270,4.29%,6289
3500,2514,6.76%,37192
3501,160,6.59%,2427
3505,279,5.43%,5142
3509,,,158
3512,,,222
3515,111,4.20%,2645
3516,46,5.97%,771
3517,101,6.65%,1518
3518,103,7.10%,1451
3521,29,5.82%,498
3522,23,4.07%,565
3523,310,7.79%,3977
3525,125,8.23%,1519
3527,52,7.51%,692
3530,18,6.57%,274
3533,75,9.78%,767
3537,63,4.61%,1368
3540,23,8.52%,270
3542,,,187
3544,11,3.57%,308
3546,21,7.07%,297
3549,273,6.44%,4236
3550,2350,5.33%,44090
3551,1571,3.89%,40339
3555,1520,6.57%,23153
3556,984,6.71%,14674
3557,39,4.17%,936
3558,58,6.78%,855
3559,29,4.65%,623
3561,319,6.67%,4786
3562,14,6.17%,227
3563,48,5.25%,914
3564,1161,6.48%,17921
3565,19,3.49%,545
3566,28,4.91%,570
3567,60,8.77%,684
3568,211,7.36%,2868
3570,162,15.73%,1030
3571,16,5.69%,281
3573,29,5.61%,517
3575,53,6.47%,819
3579,455,8.60%,5293
3580,44,4.29%,1025
3581,16,7.05%,227
3584,56,6.74%,831
3585,744,5.71%,13033
3586,31,4.06%,763
3588,21,7.89%,266
3589,,,363
3590,,,355
3594,47,8.53%,551
3595,28,4.89%,573
3597,26,4.80%,542
3608,244,7.76%,3144
3610,89,5.51%,1614
3612,142,8.18%,1735
3614,39,4.21%,927
3616,407,6.76%,6023
3618,52,7.89%,659
3620,630,7.43%,8480
3621,152,5.96%,2552
3622,41,6.29%,652
3623,76,8.42%,903
3624,35,6.15%,569
3629,726,7.15%,10154
3630,2339,6.60%,35445
3631,703,4.53%,15524
3633,30,5.03%,597
3634,112,5.70%,1964
3635,37,6.10%,607
3636,451,8.04%,5610
3637,27,5.13%,526
3638,149,6.01%,2481
3639,40,10.47%,382
3640,72,5.70%,1263
3641,91,6.64%,1370
3644,784,8.14%,9629
3646,31,5.85%,530
3649,29,6.89%,421
3658,420,6.30%,6662
3659,30,3.61%,832
3660,624,7.76%,8043
3662,17,1.28%,1323
3663,14,3.80%,368
3664,58,4.99%,1162
3666,330,5.85%,5639
3669,105,5.15%,2038
3670,23,3.80%,606
3672,798,7.01%,11379
3673,64,3.57%,1793
3675,92,5.68%,1619
3677,1163,5.65%,20566
3678,260,3.95%,6579
3682,35,3.74%,937
3683,111,6.70%,1656
3685,207,6.04%,3425
3687,58,5.79%,1001
3688,38,3.87%,982
3690,2372,6.24%,38018
3691,486,3.69%,13181
3695,59,3.84%,1538
3697,42,6.79%,619
3698,29,2.71%,1069
3699,28,2.25%,1247
3700,83,7.87%,1054
3701,79,6.13%,1289
3707,129,6.62%,1948
3709,17,5.76%,295
3711,19,7.48%,254
3712,33,8.38%,394
3713,95,6.26%,1517
3714,258,7.12%,3622
3715,12,3.02%,398
3717,215,5.69%,3781
3719,31,4.55%,682
3720,38,5.02%,757
3722,159,3.08%,5163
3723,116,2.49%,4653
3725,40,5.71%,701
3726,33,4.09%,806
3728,61,5.77%,1058
3730,623,5.96%,10446
3732,39,4.82%,809
3735,37,4.21%,879
3737,270,5.68%,4751
3739,23,4.97%,463
3740,37,2.75%,1347
3741,139,4.30%,3234
3744,,,332
3746,13,4.58%,284
3747,258,4.84%,5333
3749,81,3.52%,2299
3750,1018,3.75%,27154
3751,,,112
3752,1612,5.97%,27009
3753,225,4.09%,5495
3754,2123,3.83%,55422
3755,14,5.49%,255
3756,994,5.89%,16879
3757,513,5.03%,10208
3758,106,5.44%,1948
3759,19,1.74%,1094
3760,,,327
3761,35,3.18%,1101
3762,11,2.13%,517
3763,117,6.21%,1883
3764,710,5.87%,12090
3765,376,5.03%,7478
3766,48,3.82%,1258
3767,42,3.06%,1372
3770,156,4.57%,3412
3775,160,3.66%,4377
3777,600,4.96%,12104
3779,65,4.62%,1408
3781,210,4.12%,5100
3782,331,3.95%,8384
3783,104,3.91%,2660
3785,,,0
3786,51,2.92%,1744
3787,30,2.64%,1137
3788,45,2.38%,1891
3789,23,8.81%,261
3791,46,3.13%,1472
3792,38,3.30%,1152
3793,195,4.91%,3968
3795,60,4.15%,1445
3796,478,4.60%,10385
3797,212,5.39%,3934
3799,321,5.40%,5940
3802,2276,8.80%,25870
3803,985,8.30%,11867
3804,495,5.15%,9614
3805,4128,6.44%,64113
3806,3010,5.40%,55690
3807,383,4.84%,7916
3808,106,3.31%,3200
3809,879,3.96%,22186
3810,3411,5.56%,61328
3812,128,4.93%,2596
3813,48,3.81%,1261
3814,120,4.80%,2501
3815,206,5.16%,3994
3816,152,5.06%,3004
3818,1130,5.92%,19095
3820,1169,5.35%,21851
3821,114,3.94%,2892
3822,53,4.00%,1326
3823,122,5.86%,2082
3824,310,5.30%,5846
3825,1836,7.96%,23074
3831,76,3.71%,2047
3832,26,5.96%,436
3833,16,5.03%,318
3835,28,5.61%,499
3840,1533,8.06%,19021
3842,410,7.91%,5183
3844,1900,5.74%,33094
3847,151,7.55%,2001
3850,1156,6.92%,16695
3851,372,4.92%,7560
3852,,,234
3854,41,3.29%,1248
3856,78,5.05%,1546
3858,246,6.96%,3533
3859,58,4.18%,1388
3860,438,5.69%,7694
3862,194,5.58%,3475
3864,14,3.93%,356
3865,23,3.87%,594
3869,99,5.57%,1777
3870,70,5.20%,1345
3871,166,4.83%,3440
3873,17,3.06%,556
3874,43,6.11%,704
3875,1289,5.81%,22182
3878,61,5.32%,1147
3880,336,7.66%,4385
3882,52,3.57%,1456
3885,99,5.37%,1842
3886,22,4.58%,480
3887,30,6.29%,477
3888,254,7.36%,3452
3889,47,8.64%,544
3890,,,144
3891,31,20.13%,154
3892,18,1.48%,1218
3893,,,187
3896,16,4.18%,383
3898,21,3.78%,555
3900,18,7.93%,227
3902,26,5.66%,459
3903,59,5.94%,994
3904,95,4.92%,1932
3909,631,6.93%,9107
3910,1304,5.11%,25527
3911,193,4.98%,3878
3912,859,5.23%,16434
3913,203,5.41%,3752
3915,773,6.56%,11784
3916,41,2.82%,1452
3918,209,4.61%,4536
3919,180,4.88%,3689
3920,,,1301
3921,,,121
3922,602,5.68%,10597
3923,48,5.03%,954
3925,216,4.38%,4928
3926,106,2.96%,3578
3927,63,2.84%,2218
3928,,,413
3929,31,2.55%,1214
3930,632,3.10%,20395
3931,1452,5.25%,27678
3933,48,4.93%,974
3934,752,3.40%,22139
3936,726,4.85%,14978
3937,43,3.18%,1352
3938,142,4.08%,3480
3939,1100,6.16%,17843
3940,383,8.20%,4669
3941,675,4.60%,14666
3942,110,3.50%,3139
3943,73,3.61%,2023
3944,11,1.28%,860
3945,40,6.61%,605
3946,20,4.46%,448
3950,354,6.19%,5716
3951,44,3.88%,1133
3953,502,5.67%,8848
3954,20,4.50%,444
3956,170,5.43%,3128
3957,15,3.16%,474
3958,21,3.28%,640
3959,72,4.66%,1546
3960,154,6.95%,2215
3962,78,7.59%,1027
3965,21,11.80%,178
3966,60,6.94%,864
3971,348,7.77%,4476
3975,1151,5.68%,20253
3976,2303,8.02%,28714
3977,7143,5.52%,129394
3978,2010,4.24%,47377
3979,,,299
3980,178,4.56%,3900
3981,333,5.65%,5894
3984,504,6.77%,7447
3987,87,5.38%,1618
3988,54,5.02%,1075
3990,24,4.58%,524
3991,47,9.51%,494
3992,75,5.70%,1315
3995,910,7.81%,11658
3996,429,5.11%,8396
4000,421,1.88%,22425
4005,505,2.67%,18932
4006,590,2.17%,27152
4007,450,2.93%,15361
4008,17,4.61%,369
4009,26,2.27%,1143
4010,102,2.64%,3863
4011,482,2.84%,16995
4012,970,3.69%,26308
4013,213,4.10%,5194
4014,588,4.07%,14452
4017,2140,5.22%,41033
4018,955,6.29%,15180
4019,1463,6.44%,22707
4020,1654,6.15%,26890
4021,791,7.05%,11215
4022,558,6.85%,8148
4025,,,350
4030,634,3.11%,20372
4031,543,3.27%,16625
4032,1079,5.10%,21177
4034,2772,5.45%,50869
4035,1146,4.00%,28646
4036,486,6.42%,7574
4037,283,3.40%,8318
4051,849,2.59%,32818
4053,2081,3.99%,52210
4054,758,4.99%,15201
4055,847,3.47%,24434
4059,307,2.06%,14923
4060,345,2.30%,15031
4061,606,3.21%,18879
4064,247,1.83%,13522
4065,231,1.93%,11999
4066,448,2.24%,20016
4067,184,1.36%,13577
4068,640,2.33%,27477
4069,1225,3.17%,38700
4070,490,3.69%,13290
4073,475,4.59%,10339
4074,1301,5.02%,25937
4075,935,3.35%,27940
4076,389,4.12%,9453
4077,2704,6.83%,39588
4078,1845,6.36%,29028
4101,839,2.15%,39038
4102,291,2.49%,11686
4103,544,3.26%,16681
4104,296,3.77%,7845
4105,565,3.70%,15284
4106,114,6.26%,1821
4107,274,3.93%,6978
4108,392,5.77%,6791
4109,2392,5.71%,41866
4110,1035,5.83%,17758
4111,47,4.06%,1159
4112,505,5.07%,9951
4113,1657,5.24%,31647
4114,2808,8.64%,32498
4115,1271,5.59%,22735
4116,1626,5.31%,30650
4117,193,4.98%,3873
4118,2113,6.08%,34779
4119,360,4.67%,7714
4120,400,3.76%,10641
4121,984,3.42%,28777
4122,2352,4.52%,52060
4123,1061,4.37%,24281
4124,1484,5.58%,26580
4125,833,5.96%,13965
4127,1873,6.14%,30508
4128,927,5.05%,18340
4129,388,5.45%,7117
4130,473,4.63%,10216
4131,898,6.68%,13451
4132,2072,6.89%,30060
4133,1569,6.31%,24869
4151,628,3.20%,19640
4152,2086,3.98%,52388
4153,224,4.37%,5121
4154,375,2.99%,12542
4155,60,4.10%,1462
4156,126,3.42%,3688
4157,1222,5.74%,21274
4158,233,5.56%,4193
4159,843,5.04%,16733
4160,901,4.32%,20850
4161,1049,5.95%,17631
4163,1013,5.92%,17113
4164,808,3.88%,20821
4165,1979,4.55%,43496
4169,434,2.47%,17583
4170,897,2.89%,31000
4171,459,2.39%,19204
4172,205,4.12%,4978
4173,517,5.62%,9195
4174,157,4.98%,3150
4178,1460,5.03%,29051
4179,915,4.11%,22274
4183,144,6.88%,2092
4184,727,8.16%,8910
4205,530,7.74%,6851
4207,4430,5.91%,74920
4208,1121,4.16%,26969
4209,2905,3.49%,83126
4210,957,3.87%,24758
4211,3018,4.42%,68337
4212,1575,4.29%,36729
4213,1210,3.57%,33863
4214,1892,4.43%,42723
4215,2782,4.53%,61412
4216,2393,5.49%,43616
4217,1631,3.28%,49667
4218,1183,3.02%,39179
4220,1229,3.48%,35281
4221,1030,3.21%,32091
4223,627,3.69%,16976
4224,214,2.81%,7610
4225,327,3.49%,9367
4226,1511,3.64%,41566
4227,830,3.05%,27250
4228,141,2.31%,6097
4270,186,4.04%,4607
4272,328,3.57%,9197
4275,160,4.02%,3983
4280,1126,4.89%,23049
4285,1405,5.90%,23796
4287,47,5.49%,856
4300,3646,4.83%,75529
4301,2271,5.60%,40555
4303,415,9.32%,4451
4304,1468,7.60%,19310
4305,4850,6.95%,69739
4306,2110,4.37%,48248
4307,69,5.32%,1296
4309,174,5.87%,2965
4310,465,6.14%,7568
4311,972,8.33%,11669
4312,226,10.12%,2234
4313,181,8.06%,2246
4314,305,6.89%,4427
4340,443,6.41%,6916
4341,1275,7.45%,17105
4342,193,6.62%,2915
4343,808,6.10%,13237
4344,170,5.65%,3009
4346,47,6.12%,768
4347,106,7.22%,1468
4350,7661,6.15%,124662
4352,1514,4.59%,32950
4353,24,4.17%,576
4354,87,6.36%,1368
4355,226,7.54%,2997
4356,280,5.30%,5288
4357,159,5.79%,2744
4358,150,4.43%,3387
4359,61,4.34%,1404
4360,37,5.35%,691
4361,211,8.29%,2545
4362,155,5.89%,2630
4363,38,5.91%,643
4364,13,5.78%,225
4365,43,6.63%,649
4370,1355,6.51%,20817
4371,48,7.80%,615
4372,,,178
4373,77,7.56%,1019
4374,24,4.53%,530
4375,15,10.27%,146
4376,26,7.10%,366
4377,31,5.04%,615
4378,27,4.01%,673
4380,586,6.60%,8880
4381,21,3.10%,678
4382,17,3.74%,455
4383,66,13.12%,503
4385,94,8.06%,1166
4387,104,11.06%,940
4388,31,6.18%,502
4390,386,5.81%,6640
4400,131,5.78%,2266
4401,447,7.23%,6185
4402,27,8.16%,331
4403,48,5.11%,940
4404,19,6.74%,282
4405,1002,6.85%,14637
4406,90,3.98%,2260
4407,15,4.39%,342
4408,38,11.69%,325
4410,126,10.04%,1255
4411,13,7.65%,170
4413,545,5.63%,9673
4415,135,5.99%,2253
4416,,,357
4417,48,5.68%,845
4419,89,5.44%,1636
4420,19,1.46%,1297
4421,208,8.67%,2399
4422,12,5.97%,201
4423,39,11.68%,334
4424,23,5.35%,430
4426,13,2.62%,497
4427,27,7.32%,369
4428,18,13.04%,138
4454,34,4.65%,731
4455,488,5.31%,9191
4462,,,82
4465,58,4.87%,1191
4467,28,6.21%,451
4468,,,114
4470,297,9.52%,3120
4472,103,8.02%,1284
4477,30,4.64%,647
4478,32,5.83%,549
4480,52,8.25%,630
4486,47,7.81%,602
4487,212,6.27%,3381
4488,12,5.31%,226
4490,120,8.39%,1430
4491,16,6.75%,237
4492,12,3.64%,330
4494,,,191
4496,,,293
4497,35,9.78%,358
4498,,,193
4500,2672,5.35%,49986
4501,400,6.12%,6532
4502,468,5.00%,9364
4503,2852,4.96%,57526
4504,975,4.27%,22849
4505,1712,5.98%,28644
4506,1645,5.89%,27940
4507,1799,8.01%,22446
4508,1770,8.35%,21191
4509,1592,3.78%,42071
4510,4149,6.67%,62244
4511,779,7.07%,11020
4512,173,4.40%,3935
4514,413,4.34%,9507
4515,235,5.41%,4347
4516,248,5.39%,4603
4517,19,3.67%,518
4518,355,5.47%,6488
4519,533,4.99%,10679
4520,472,3.11%,15188
4521,214,3.42%,6266
4550,302,5.84%,5173
4551,3206,4.23%,75829
4552,368,3.81%,9648
4553,371,3.20%,11587
4554,59,2.88%,2048
4555,321,3.80%,8456
4556,1825,3.47%,52550
4557,682,2.98%,22924
4558,1132,4.35%,26001
4559,305,3.66%,8326
4560,1724,4.32%,39914
4561,363,3.71%,9785
4562,250,2.64%,9473
4563,420,4.03%,10431
4564,468,3.51%,13326
4565,734,4.67%,15727
4566,326,3.44%,9465
4567,299,2.36%,12656
4568,169,4.10%,4117
4569,64,3.19%,2005
4570,3108,6.23%,49860
4571,49,3.00%,1634
4572,108,2.28%,4733
4573,817,2.36%,34595
4574,65,3.47%,1873
4575,1079,3.44%,31334
4580,524,9.11%,5755
4581,66,4.83%,1367
4600,59,7.58%,778
4601,82,6.35%,1291
4605,409,8.26%,4952
4606,228,8.98%,2538
4608,74,7.90%,937
4610,991,6.50%,15241
4612,54,7.69%,702
4613,77,8.51%,905
4614,104,10.75%,967
4615,618,7.59%,8142
4620,36,5.92%,608
4621,175,9.48%,1846
4625,242,8.60%,2814
4626,120,6.47%,1854
4627,46,6.13%,750
4630,166,7.41%,2241
4650,3036,8.02%,37832
4655,5144,6.99%,73542
4659,474,9.27%,5113
4660,691,7.50%,9217
4662,116,11.39%,1018
4670,6852,7.45%,92030
4671,538,8.10%,6646
4673,42,7.94%,529
4674,132,6.23%,2118
4677,189,4.15%,4550
4678,64,8.00%,800
4680,3505,5.82%,60191
4694,13,18.06%,72
4695,53,6.88%,770
4697,32,5.30%,604
4699,43,5.24%,821
4700,1376,7.44%,18495
4701,3253,6.88%,47285
4702,1859,5.90%,31505
4703,1348,5.15%,26179
4705,20,5.14%,389
4706,18,3.99%,451
4707,22,4.91%,448
4709,18,2.71%,664
4710,341,5.91%,5767
4711,117,6.14%,1906
4712,19,13.38%,142
4713,98,7.95%,1233
4714,399,12.50%,3191
4715,382,4.96%,7701
4716,32,4.49%,713
4717,213,4.27%,4983
4718,191,7.25%,2636
4719,54,8.31%,650
4720,573,3.52%,16264
4721,144,3.55%,4053
4722,92,5.06%,1818
4723,64,3.42%,1870
4724,42,5.81%,723
4725,87,5.71%,1524
4726,33,6.42%,514
4727,14,4.46%,314
4730,201,6.65%,3022
4731,11,5.76%,191
4733,19,7.14%,266
4735,51,5.59%,912
4736,21,5.68%,370
4737,578,6.60%,8751
4738,68,5.17%,1315
4739,17,5.23%,325
4740,5560,5.91%,94033
4741,404,5.68%,7108
4742,28,2.34%,1196
4743,16,4.15%,386
4744,276,2.61%,10565
4745,94,3.20%,2941
4746,55,2.63%,2095
4750,304,4.64%,6549
4751,256,5.16%,4958
4753,199,3.60%,5526
4754,134,4.49%,2982
4756,35,7.04%,497
4757,20,3.91%,511
4798,56,8.67%,646
4799,41,6.02%,681
4800,597,5.50%,10864
4802,391,2.54%,15382
4804,158,6.82%,2317
4805,710,5.67%,12526
4806,276,7.11%,3881
4807,812,7.05%,11514
4808,39,5.10%,765
4809,66,5.35%,1233
4810,1073,4.61%,23291
4811,742,5.04%,14727
4812,1240,6.10%,20339
4814,2730,5.52%,49471
4815,1659,7.04%,23579
4816,645,6.59%,9788
4817,1956,6.14%,31845
4818,1468,4.18%,35144
4819,135,5.17%,2610
4820,567,5.19%,10920
4821,75,5.19%,1444
4822,170,22.37%,760
4823,24,2.84%,845
4824,177,5.09%,3480
4825,1446,6.91%,20935
4828,13,10.83%,120
4829,27,6.11%,442
4830,45,2.56%,1757
4849,125,7.64%,1636
4850,784,7.08%,11080
4852,186,4.51%,4127
4854,362,6.82%,5309
4855,40,3.44%,1162
4856,52,9.14%,569
4858,91,5.94%,1531
4859,28,5.89%,475
4860,816,6.77%,12057
4861,131,8.58%,1527
4865,446,5.03%,8863
4868,1340,5.26%,25482
4869,1151,4.96%,23190
4870,3913,4.88%,80136
4871,543,4.50%,12077
4872,143,3.03%,4721
4873,317,4.59%,6904
4874,294,4.64%,6333
4875,579,7.29%,7940
4876,232,7.60%,3052
4877,154,2.51%,6141
4878,677,4.02%,16859
4879,804,3.34%,24066
4880,890,6.18%,14407
4881,193,3.86%,4999
4882,120,3.37%,3556
4883,576,6.12%,9412
4884,106,5.29%,2004
4885,175,4.27%,4098
4886,38,5.61%,677
4887,87,4.48%,1940
4888,177,5.34%,3313
4890,117,6.92%,1690
4891,21,4.04%,520
4892,429,7.03%,6102
4895,310,6.29%,4931
5000,540,2.81%,19222
5006,244,3.51%,6953
5007,429,4.95%,8659
5008,991,6.46%,15330
5009,370,6.36%,5815
5010,501,7.74%,6472
5011,777,5.05%,15375
5012,890,6.82%,13046
5013,885,7.65%,11563
5014,933,6.96%,13397
5015,393,6.24%,6303
5016,552,5.58%,9898
5017,432,8.03%,5381
5018,438,7.82%,5598
5019,594,6.02%,9864
5020,181,5.14%,3522
5021,448,6.65%,6737
5022,827,4.61%,17954
5023,1352,7.01%,19288
5024,833,5.35%,15557
5025,596,5.85%,10184
5031,585,5.38%,10866
5032,755,5.24%,14417
5033,562,5.79%,9714
5034,397,3.78%,10501
5035,306,4.54%,6738
5037,645,5.09%,12674
5038,937,4.97%,18857
5039,547,5.47%,10004
5040,173,6.50%,2660
5041,633,4.31%,14685
5042,658,5.26%,12504
5043,1415,6.44%,21980
5044,511,4.24%,12044
5045,747,4.38%,17057
5046,599,5.83%,10281
5047,555,5.60%,9904
5048,786,4.70%,16721
5049,466,4.09%,11387
5050,302,5.07%,5953
5051,672,4.01%,16762
5052,252,3.40%,7411
5061,393,3.68%,10679
5062,624,3.79%,16454
5063,596,4.45%,13403
5064,461,3.94%,11705
5065,431,3.60%,11980
5066,488,3.79%,12868
5067,393,3.41%,11520
5068,542,4.00%,13549
5069,350,4.01%,8726
5070,871,5.26%,16554
5072,776,5.13%,15130
5073,993,5.33%,18615
5074,987,6.28%,15707
5075,750,6.35%,11805
5076,575,5.83%,9858
5081,424,4.00%,10596
5082,835,4.74%,17606
5083,408,4.75%,8596
5084,838,6.97%,12020
5085,1312,4.91%,26745
5086,1185,6.11%,19383
5087,743,5.36%,13863
5088,284,7.17%,3963
5089,377,4.90%,7687
5090,635,7.15%,8883
5091,434,5.46%,7955
5092,1368,7.01%,19506
5093,767,7.76%,9880
5094,124,8.37%,1481
5095,1269,5.54%,22919
5096,1078,7.57%,14249
5097,962,6.40%,15021
5098,1087,7.90%,13760
5106,,,13
5107,1597,8.07%,19790
5108,3997,8.45%,47284
5109,1836,8.43%,21790
5110,660,6.88%,9588
5111,,,419
5112,2010,9.08%,22146
5113,1936,9.32%,20771
5114,2652,6.80%,39006
5115,837,5.89%,14208
5116,787,6.96%,11308
5117,247,5.45%,4530
5118,1298,6.49%,19988
5120,258,7.98%,3234
5121,188,6.64%,2831
5125,1208,5.80%,20814
5126,407,5.13%,7931
5127,521,6.56%,7937
5131,66,3.78%,1745
5132,16,4.17%,384
5133,21,3.81%,551
5134,19,3.80%,500
5136,15,2.33%,643
5137,,,481
5138,,,430
5139,,,277
5140,18,3.89%,463
5141,,,793
5142,44,8.10%,543
5144,,,439
5151,11,2.77%,397
5152,242,3.67%,6594
5153,180,2.60%,6933
5154,117,3.54%,3305
5155,155,3.73%,4156
5156,33,2.96%,1113
5157,97,3.35%,2898
5158,1545,5.87%,26313
5159,1897,5.42%,34995
5160,12,300.00%,4
5161,883,7.94%,11114
5162,2939,7.81%,37615
5163,1286,8.14%,15790
5164,493,8.94%,5513
5165,383,5.93%,6464
5166,150,8.27%,1814
5167,366,4.98%,7353
5168,452,7.34%,6156
5169,1123,5.25%,21379
5170,53,3.85%,1376
5171,299,4.42%,6762
5172,139,3.59%,3876
5173,731,5.17%,14143
5174,137,4.15%,3305
5201,96,3.75%,2562
5202,33,3.58%,921
5203,86,4.67%,1842
5204,180,5.16%,3490
5210,87,4.02%,2165
5211,1370,7.61%,17995
5212,172,7.53%,2284
5213,63,4.93%,1277
5214,810,7.87%,10291
5220,12,12.63%,95
5221,15,5.14%,292
5222,25,3.88%,644
5223,167,4.25%,3932
5231,38,2.95%,1286
5232,13,3.56%,365
5233,55,3.65%,1505
5234,74,5.32%,1390
5235,129,5.52%,2339
5236,15,1.92%,783
5238,331,7.57%,4373
5240,20,3.87%,517
5241,141,5.44%,2593
5242,79,3.71%,2127
5243,28,3.16%,885
5244,165,3.70%,4464
5245,143,4.59%,3116
5250,126,3.09%,4082
5251,952,4.81%,19773
5252,233,3.34%,6971
5253,1583,7.73%,20482
5254,84,2.84%,2956
5255,447,4.17%,10709
5256,59,4.42%,1336
5259,88,5.29%,1663
5260,133,7.97%,1669
5261,15,5.00%,300
5262,,,542
5264,81,9.19%,881
5265,11,6.55%,168
5266,59,5.07%,1163
5267,82,3.71%,2211
5268,226,6.64%,3404
5269,,,249
5270,,,340
5271,320,4.06%,7876
5272,23,2.30%,999
5275,136,6.11%,2225
5276,57,3.94%,1446
5277,175,5.86%,2987
5278,53,10.56%,502
5279,34,3.28%,1038
5280,525,6.66%,7878
5290,1961,7.32%,26802
5291,317,3.02%,10495
5301,32,11.51%,278
5302,51,5.79%,881
5303,17,3.99%,426
5304,26,4.79%,543
5307,39,7.03%,555
5308,27,20.30%,133
5309,,,202
5311,16,2.35%,680
5320,54,8.60%,628
5321,16,2.33%,686
5322,12,1.41%,850
5330,179,4.81%,3721
5332,,,250
5333,401,7.10%,5647
5340,57,3.54%,1611
5341,507,6.19%,8197
5342,127,10.09%,1259
5343,477,9.33%,5111
5344,37,4.21%,879
5345,204,6.20%,3290
5346,,,297
5350,13,5.94%,219
5351,236,3.38%,6991
5352,282,4.91%,5740
5353,278,6.36%,4370
5354,,,392
5355,554,6.32%,8763
5356,26,3.60%,722
5357,113,18.62%,607
5360,35,2.57%,1364
5371,28,2.21%,1266
5372,111,3.74%,2967
5373,219,6.23%,3513
5374,133,7.74%,1718
5381,11,1.92%,573
5400,32,2.56%,1250
5401,58,6.93%,837
5410,23,7.99%,288
5411,16,5.46%,293
5412,73,5.82%,1255
5413,50,6.18%,809
5415,11,2.31%,477
5416,,,125
5417,59,4.66%,1267
5419,20,4.59%,436
5422,176,10.25%,1717
5431,56,7.71%,726
5433,111,7.71%,1439
5434,11,6.04%,182
5440,33,7.95%,415
5451,39,5.51%,708
5452,12,2.53%,475
5453,252,4.66%,5409
5454,23,6.13%,375
5460,32,5.65%,566
5461,189,7.84%,2410
5462,13,2.81%,462
5464,28,8.54%,328
5470,12,6.28%,191
5472,17,6.77%,251
5473,88,10.62%,829
5480,86,8.91%,965
5481,56,11.94%,469
5482,36,7.73%,466
5485,38,3.73%,1020
5490,,,160
5491,121,7.28%,1662
5495,32,4.69%,683
5501,463,5.59%,8285
5502,83,4.64%,1787
5520,53,9.64%,550
5521,20,6.19%,323
5522,89,6.55%,1358
5523,188,10.30%,1826
5540,1836,11.91%,15422
5550,82,5.75%,1426
5552,47,10.38%,453
5554,509,8.81%,5780
5555,32,3.52%,909
5556,444,9.64%,4607
5558,511,9.04%,5652
5560,39,7.66%,509
5571,210,9.80%,2143
5573,166,7.40%,2243
5575,141,6.93%,2036
5576,164,9.99%,1641
5577,71,10.94%,649
5580,32,7.37%,434
5581,16,3.27%,489
5582,24,5.14%,467
5583,51,7.48%,682
5600,584,9.77%,5979
5601,,,342
5602,95,7.96%,1193
5603,51,7.97%,640
5604,,,149
5605,176,7.64%,2304
5606,976,6.53%,14957
5607,65,1.31%,4969
5608,1511,11.48%,13166
5609,132,6.12%,2158
5611,17,26.98%,63
5630,,,177
5631,77,7.08%,1088
5632,,,193
5633,11,3.09%,356
5640,44,5.39%,817
5641,34,3.11%,1092
5642,,,187
5651,19,7.92%,240
5652,11,1.89%,582
5654,13,3.53%,368
5660,11,1.98%,555
5670,32,4.90%,653
5680,89,3.64%,2448
5690,237,6.26%,3786
5700,1201,10.13%,11852
5710,112,4.68%,2391
5715,,,27
5720,15,15.63%,96
5722,33,13.25%,249
5723,149,7.76%,1920
5725,129,3.05%,4225
5731,,,72
5732,,,46
5733,18,4.02%,448
5734,,,60
5950,,,0
6000,387,2.51%,15428
6003,135,3.34%,4047
6004,376,2.75%,13685
6005,218,3.15%,6913
6006,334,2.98%,11225
6007,231,2.50%,9238
6008,513,2.83%,18116
6009,503,2.34%,21540
6010,505,2.37%,21349
6011,199,1.88%,10611
6012,291,2.79%,10441
6014,601,2.39%,25109
6015,185,2.40%,7715
6016,362,2.95%,12275
6017,224,4.25%,5271
6018,1446,2.99%,48297
6019,634,2.28%,27859
6020,862,3.39%,25406
6021,1213,5.10%,23796
6022,285,4.84%,5892
6023,636,3.47%,18347
6024,755,4.90%,15396
6025,1419,3.95%,35926
6026,1150,4.61%,24949
6027,2139,4.46%,47955
6028,1002,3.68%,27195
6029,80,2.44%,3283
6030,2238,4.90%,45647
6031,821,3.84%,21405
6032,,,159
6033,29,6.16%,471
6034,115,2.86%,4027
6035,438,3.39%,12907
6036,699,3.47%,20148
6037,166,3.88%,4283
6038,305,2.67%,11437
6041,96,4.43%,2168
6042,,,81
6043,,,185
6044,49,3.88%,1264
6050,592,3.36%,17610
6051,545,3.55%,15336
6052,502,3.87%,12988
6053,785,4.50%,17442
6054,1401,5.88%,23843
6055,1470,3.99%,36836
6056,3082,6.68%,46158
6057,1199,6.12%,19599
6058,978,6.61%,14789
6059,1518,5.61%,27060
6060,1152,3.93%,29328
6061,2683,5.55%,48346
6062,2468,6.31%,39084
6063,1125,6.69%,16823
6064,2502,7.24%,34580
6065,3315,4.23%,78448
6066,1425,6.98%,20425
6067,,,44
6068,,,4
6069,2189,4.18%,52419
6070,145,3.56%,4078
6071,136,3.55%,3827
6072,38,4.71%,807
6073,179,5.15%,3476
6074,55,4.80%,1146
6076,1230,5.02%,24500
6077,109,6.18%,1763
6078,49,5.44%,900
6081,236,4.52%,5219
6082,143,3.67%,3901
6083,157,4.06%,3870
6084,448,4.35%,10301
6090,22,157.14%,14
6100,601,3.35%,17920
6101,807,4.06%,19853
6102,693,4.52%,15348
6103,533,4.40%,12110
6104,941,5.37%,17527
6105,1016,5.64%,18027
6106,16,400.00%,4
6107,2860,5.17%,55353
6108,1869,7.16%,26100
6109,1075,7.27%,14779
6110,3093,6.03%,51278
6111,1710,6.51%,26272
6112,3905,4.82%,81066
6121,160,4.64%,3445
6122,968,3.88%,24963
6123,119,4.94%,2411
6124,50,4.29%,1165
6125,163,4.22%,3860
6126,15,4.92%,305
6147,1248,7.39%,16893
6148,1092,5.11%,21379
6149,1126,5.43%,20727
6150,776,5.24%,14816
6151,567,2.95%,19223
6152,1136,3.80%,29865
6153,835,3.39%,24619
6154,426,3.39%,12559
6155,3053,4.97%,61386
6156,704,3.44%,20451
6157,526,3.07%,17155
6158,222,2.48%,8965
6159,114,2.41%,4727
6160,335,3.13%,10716
6161,,,117
6162,502,3.63%,13834
6163,3257,5.24%,62125
6164,3122,4.12%,75700
6165,,,56
6166,544,4.58%,11867
6167,1924,6.02%,31958
6168,2068,7.35%,28123
6169,2502,6.34%,39439
6170,858,4.38%,19603
6171,1579,3.65%,43264
6172,759,5.07%,14956
6173,469,3.33%,14095
6174,182,2.85%,6397
6175,157,3.39%,4627
6176,80,3.49%,2294
6180,335,4.24%,7892
6181,26,4.56%,570
6207,48,3.27%,1469
6208,863,5.79%,14912
6209,172,8.57%,2006
6210,5274,6.22%,84809
6211,447,4.59%,9732
6213,29,4.31%,673
6214,18,4.93%,365
6215,274,5.76%,4760
6218,32,10.32%,310
6219,57,5.23%,1090
6220,346,7.78%,4449
6223,,,452
6224,94,6.95%,1352
6225,664,6.79%,9775
6226,35,3.71%,944
6227,66,5.43%,1216
6230,2875,5.66%,50817
6232,694,5.29%,13120
6233,1074,4.67%,22974
6236,112,4.56%,2458
6237,125,3.97%,3149
6239,219,4.66%,4697
6240,,,322
6244,93,4.45%,2089
6251,,,498
6253,28,3.93%,712
6254,15,3.94%,381
6255,207,5.79%,3573
6256,39,2.63%,1485
6258,393,5.82%,6757
6260,73,4.94%,1478
6262,30,3.59%,836
6271,201,5.43%,3705
6275,74,3.13%,2361
6280,1642,5.04%,32564
6281,216,2.22%,9733
6282,26,1.65%,1580
6284,56,1.35%,4156
6285,190,1.67%,11386
6286,16,1.72%,929
6288,28,2.59%,1081
6290,85,5.33%,1595
6302,289,8.08%,3575
6304,115,6.63%,1734
6306,58,5.36%,1082
6308,99,8.54%,1159
6309,16,4.36%,367
6311,25,4.37%,572
6312,342,6.67%,5130
6315,109,5.76%,1893
6316,13,2.63%,495
6317,271,6.26%,4332
6318,,,178
6320,50,5.93%,843
6321,39,4.64%,840
6323,77,6.69%,1151
6324,219,5.53%,3959
6326,21,3.99%,526
6327,,,324
6328,19,4.16%,457
6330,2392,5.67%,42219
6333,286,4.31%,6637
6335,48,6.61%,726
6336,,,269
6337,22,3.83%,575
6338,25,2.99%,837
6341,18,7.09%,254
6343,13,5.44%,239
6346,39,3.75%,1041
6348,11,1.34%,820
6350,16,7.37%,217
6351,15,3.13%,479
6353,34,5.14%,661
6355,11,4.68%,235
6356,,,214
6357,,,156
6359,11,2.77%,397
6365,34,5.79%,587
6367,26,5.43%,479
6369,32,3.91%,819
6370,34,5.13%,663
6375,51,5.78%,882
6383,72,7.24%,994
6390,114,4.66%,2447
6391,34,2.82%,1204
6392,27,3.80%,710
6394,,,404
6395,79,4.89%,1616
6396,13,3.48%,374
6398,25,4.60%,543
6401,679,7.98%,8511
6403,,,179
6405,14,4.61%,304
6407,54,4.55%,1188
6409,19,6.03%,315
6410,62,6.97%,890
6411,,,356
6414,,,172
6415,199,7.56%,2634
6418,52,6.72%,774
6419,,,239
6421,34,9.71%,350
6423,11,5.07%,217
6424,,,95
6426,61,5.83%,1046
6429,66,8.12%,813
6430,1205,4.98%,24210
6431,21,1.77%,1185
6432,458,5.59%,8192
6434,31,5.51%,563
6437,,,954
6438,31,4.29%,723
6440,48,3.32%,1444
6442,144,5.46%,2636
6443,62,9.34%,664
6445,,,117
6447,,,485
6448,18,3.74%,481
6450,676,4.79%,14104
6460,65,5.40%,1204
6461,53,6.98%,759
6468,14,3.92%,357
6472,,,141
6475,24,8.66%,277
6477,,,283
6479,34,6.07%,560
6480,,,210
6485,39,8.07%,483
6488,22,6.71%,328
6490,15,6.25%,240
6501,67,5.25%,1276
6502,87,7.61%,1143
6503,95,4.08%,2331
6504,14,2.95%,474
6507,25,4.23%,591
6509,17,4.96%,343
6510,84,4.27%,1968
6511,33,7.45%,443
6512,,,153
6513,,,124
6514,46,6.64%,693
6515,28,6.83%,410
6516,117,5.78%,2024
6517,30,7.43%,404
6518,,,84
6519,32,5.50%,582
6521,,,414
6522,31,8.22%,377
6525,257,6.28%,4094
6528,32,12.50%,256
6530,2547,6.86%,37126
6532,265,3.20%,8293
6535,71,4.43%,1602
6536,29,1.76%,1646
6537,27,3.51%,770
6556,74,3.52%,2104
6558,128,4.52%,2832
6560,84,5.74%,1464
6562,66,4.65%,1420
6564,17,6.12%,278
6566,212,5.92%,3579
6567,,,425
6568,12,5.85%,205
6569,12,3.96%,303
6574,40,19.90%,201
6603,69,6.09%,1133
6606,,,267
6609,49,4.32%,1135
6620,,,680
6623,49,7.87%,623
6630,46,8.30%,554
6635,25,6.51%,384
6638,42,5.61%,749
6639,,,98
6640,18,9.00%,200
6642,62,5.08%,1220
6646,497,90.69%,548
6701,362,6.28%,5761
6705,,,109
6707,70,1.97%,3560
6710,21,2.33%,901
6712,,,39
6713,28,1.96%,1430
6714,575,2.89%,19891
6716,18,2.16%,833
6718,23,3.45%,666
6720,120,4.24%,2827
6721,157,3.15%,4977
6722,635,4.95%,12823
6725,449,3.60%,12476
6726,85,1.44%,5887
6728,189,3.46%,5470
6740,67,4.55%,1473
6743,238,3.19%,7458
6751,130,2.61%,4979
6753,202,2.64%,7650
6754,33,2.39%,1382
6758,,,113
6760,17,0.74%,2303
6762,,,696
6765,322,17.84%,1805
6770,100,2.87%,3488
6798,63,3.54%,1778
6799,32,5.27%,607
7000,526,3.25%,16167
7004,205,2.47%,8313
7005,413,2.78%,14837
7007,120,3.16%,3793
7008,550,3.82%,14386
7009,753,5.12%,14709
7010,1320,6.77%,19510
7011,1097,6.80%,16139
7012,36,4.74%,760
7015,510,4.48%,11392
7016,179,5.89%,3039
7017,343,4.57%,7500
7018,1209,4.76%,25394
7019,450,6.15%,7322
7020,104,3.80%,2737
7021,113,4.33%,2612
7022,43,4.73%,910
7023,30,7.59%,395
7024,13,2.03%,640
7025,88,4.41%,1995
7026,56,4.57%,1225
7027,23,4.84%,475
7030,1261,6.06%,20809
7050,598,3.87%,15457
7052,309,3.88%,7956
7053,121,3.36%,3598
7054,357,3.61%,9899
7055,28,4.64%,604
7109,468,4.58%,10217
7112,171,4.76%,3591
7113,56,4.03%,1389
7116,158,5.54%,2854
7117,54,5.39%,1001
7119,17,6.03%,282
7120,111,6.88%,1614
7140,795,6.42%,12375
7150,106,3.61%,2939
7155,38,3.17%,1198
7162,29,3.63%,798
7163,14,4.64%,302
7170,202,3.39%,5962
7171,206,5.03%,4093
7172,283,5.75%,4922
7173,341,4.49%,7600
7176,22,4.14%,532
7177,39,5.37%,726
7178,18,5.07%,355
7179,16,3.86%,414
7182,22,8.66%,254
7184,79,9.10%,868
7186,22,6.34%,347
7187,19,5.71%,333
7190,249,8.14%,3060
7209,34,7.91%,430
7210,73,6.54%,1116
7212,131,5.35%,2448
7213,28,10.89%,257
7214,58,9.21%,630
7215,191,4.69%,4070
7216,271,7.47%,3628
7248,1061,5.97%,17775
7249,783,5.56%,14081
7250,2757,5.12%,53855
7252,121,4.27%,2836
7253,446,8.51%,5242
7254,34,7.00%,486
7255,47,5.37%,876
7256,73,4.67%,1563
7257,,,29
7258,26,3.81%,683
7259,32,7.22%,443
7260,214,6.65%,3217
7261,13,9.42%,138
7262,120,5.07%,2368
7263,40,6.99%,572
7264,17,9.83%,173
7265,19,9.84%,193
7267,53,4.95%,1071
7268,58,5.14%,1128
7270,360,8.15%,4419
7275,170,5.12%,3323
7276,27,3.76%,719
7277,295,4.29%,6872
7290,133,5.56%,2394
7291,55,4.92%,1117
7292,23,3.17%,726
7300,201,5.22%,3850
7301,255,5.32%,4792
7302,98,5.32%,1842
7303,200,7.58%,2639
7304,425,6.60%,6443
7305,99,7.93%,1248
7306,274,6.12%,4474
7307,695,5.64%,12323
7310,1873,6.26%,29919
7315,889,6.06%,14673
7316,350,5.48%,6383
7320,1176,6.79%,17315
7321,277,5.53%,5005
7322,355,8.69%,4087
7325,699,8.11%,8624
7330,287,4.72%,6081
7331,47,3.91%,1201
7467,131,7.16%,1829
7468,32,4.32%,740
7469,97,13.04%,744
7470,60,8.63%,695
